bhuman/GameController	jankotek/mapdb	junit-team/junit	ornicar/lila	niklasf/python-chess	
1	1	1	1	1	
1	0	2	0	1	
1	0	2	0	1	
1	0	4	0	1	
1	0	4	0	1	
1	0	7	1	1	
1	0	7	1	1	
1	0	7	1	1	
1	0	7	1	1	
1	0	7	1	1	
1	0	7	1	1	
1	0	8	1	1	
1	0	9	1	1	
1	0	8	1	1	
1	0	8	1	1	
1	0	8	1	1	
1	0	8	1	1	
1	0	8	1	1	
1	0	10	0	1	
1	0	11	0	1	
1	0	12	0	1	
1	0	12	0	1	
1	0	12	0	1	
1	0	12	0	1	
1	0	12	0	1	
1	0	12	0	1	
1	0	12	0	1	
1	0	12	0	1	
1	0	12	1	1	
1	0	12	1	1	
1	0	12	1	1	
1	0	12	1	1	
1	0	12	1	1	
1	0	12	1	1	
1	0	12	1	1	
1	0	12	1	1	
1	0	12	1	1	
1	0	12	1	1	
1	0	12	1	1	
1	0	12	1	1	
1	0	15	1	1	
1	0	14	1	1	
1	0	14	1	1	
1	0	14	1	1	
1	0	14	1	1	
1	0	14	1	1	
1	0	15	1	1	
1	0	15	1	1	
1	0	15	1	1	
1	0	15	1	1	
1	0	15	1	1	
1	0	15	1	1	
1	0	15	1	1	
1	0	15	3	1	
1	0	15	3	1	
1	0	13	3	1	
1	0	13	3	1	
1	0	13	3	1	
1	1	13	3	1	
1	0	13	3	1	
1	0	12	3	1	
1	0	12	3	1	
1	0	12	3	1	
1	0	12	3	1	
1	0	12	5	1	
1	0	12	5	1	
1	0	12	5	1	
1	0	11	5	1	
1	0	11	5	1	
1	0	11	5	1	
1	0	11	5	1	
1	0	11	5	1	
1	0	11	5	1	
1	0	11	5	1	
1	0	11	5	1	
1	1	11	5	1	
1	1	11	5	1	
1	1	11	5	1	
1	1	11	5	1	
1	0	11	2	1	
1	0	11	2	1	
1	0	14	2	1	
1	0	14	2	1	
1	0	14	2	1	
1	0	14	2	1	
1	1	14	2	1	
1	0	14	2	1	
1	0	14	2	1	
1	0	14	2	1	
1	0	14	2	1	
1	1	15	2	1	
1	1	15	2	1	
1	1	15	2	1	
1	1	15	2	1	
1	1	15	2	1	
1	1	15	2	1	
1	1	16	2	1	
1	1	16	2	1	
1	0	16	2	1	
1	1	16	2	1	
1	1	16	2	1	
1	1	16	2	1	
1	2	16	2	1	
1	2	16	2	1	
1	2	18	2	1	
1	2	18	2	1	
1	2	18	2	1	
1	1	18	2	1	
1	1	19	2	1	
1	1	19	2	1	
1	2	19	2	1	
1	2	19	2	1	
1	2	19	2	0	
1	2	19	2	0	
1	2	19	2	0	
1	22	19	2	0	
1	22	19	2	0	
1	22	19	2	0	
1	22	19	2	0	
1	22	19	2	0	
1	22	19	2	0	
1	22	19	2	0	
1	22	19	2	0	
1	23	19	2	0	
1	23	19	2	0	
1	23	19	2	0	
1	24	19	2	0	
1	23	19	2	0	
1	23	19	2	0	
1	24	19	2	0	
1	24	19	2	0	
1	24	19	2	0	
1	24	19	2	0	
1	24	19	2	0	
1	24	19	2	0	
1	24	19	2	0	
1	24	20	2	0	
1	24	20	2	0	
1	24	20	2	0	
1	24	20	2	0	
1	21	20	2	0	
1	20	20	2	0	
1	20	20	2	0	
1	19	20	2	0	
1	19	20	2	0	
1	18	20	2	0	
1	18	20	2	0	
1	17	20	2	0	
1	17	20	3	0	
1	17	20	3	0	
1	17	20	3	0	
1	16	21	3	0	
1	16	22	3	0	
1	16	22	3	0	
1	16	22	3	0	
1	16	25	3	0	
1	18	25	3	0	
1	18	25	3	0	
1	18	26	3	0	
1	18	26	3	0	
1	15	27	3	0	
1	7	28	2	0	
1	9	28	2	0	
1	9	28	2	0	
1	9	28	2	0	
1	9	28	2	0	
1	10	28	2	0	
1	10	28	2	0	
1	10	28	2	0	
1	10	28	2	0	
1	9	28	2	0	
1	9	29	2	0	
1	8	29	2	0	
1	8	29	2	0	
1	8	29	2	0	
1	8	29	2	0	
1	9	29	1	0	
1	9	29	1	0	
1	9	29	1	0	
1	10	35	1	0	
1	10	35	1	0	
1	10	35	1	0	
1	3	37	1	0	
1	3	37	1	0	
1	3	37	1	0	
1	3	37	1	0	
1	5	36	1	0	
1	5	36	1	0	
1	6	38	1	0	
1	6	38	1	0	
1	8	38	1	0	
1	3	38	1	0	
1	4	40	1	0	
1	4	40	1	0	
1	5	41	2	0	
1	5	42	2	0	
1	5	43	2	0	
1	3	43	2	0	
1	5	43	2	0	
1	4	43	2	0	
1	4	44	2	0	
1	4	44	2	0	
1	4	47	2	0	
1	4	48	2	0	
1	4	48	2	0	
1	4	49	2	0	
1	5	49	2	0	
1	7	49	2	0	
1	8	49	2	0	
1	9	51	2	0	
1	10	50	2	0	
1	10	51	2	0	
1	7	51	2	0	
1	8	51	2	0	
1	9	51	2	0	
1	9	51	2	0	
1	9	51	2	0	
1	10	51	3	0	
1	10	51	2	0	
1	12	51	2	0	
1	12	51	2	0	
1	13	51	2	0	
1	27	51	2	0	
1	27	51	2	0	
1	23	51	2	0	
1	24	51	2	0	
1	23	51	3	0	
1	21	51	3	0	
1	21	51	2	0	
1	24	51	2	0	
1	22	51	2	0	
0	23	51	2	0	
0	22	52	2	0	
0	22	52	2	0	
2	24	52	2	0	
0	27	53	2	0	
0	27	53	2	0	
1	24	53	2	0	
1	24	53	2	0	
1	26	53	4	0	
1	26	53	2	0	
1	25	53	2	0	
1	26	53	2	0	
1	26	53	2	0	
1	26	54	2	0	
1	25	55	2	0	
1	26	56	3	0	
1	26	56	3	0	
1	26	56	3	0	
1	26	56	3	0	
1	26	56	3	0	
1	26	56	3	0	
1	26	56	3	0	
1	26	56	3	0	
1	26	56	3	0	
1	26	56	3	0	
1	26	56	3	0	
1	26	57	3	0	
1	27	57	3	0	
2	27	57	3	0	
2	27	58	3	0	
2	27	58	3	0	
2	27	58	3	0	
2	27	59	3	0	
2	27	60	3	0	
3	27	60	3	0	
3	27	61	3	0	
2	27	61	3	0	
2	27	61	3	0	
2	27	61	3	0	
2	28	61	3	0	
2	28	61	3	0	
2	26	61	3	0	
2	20	62	3	0	
2	20	62	3	0	
2	20	62	3	0	
2	21	62	4	0	
2	21	63	4	0	
2	21	64	4	0	
2	21	65	4	0	
2	20	65	4	0	
2	21	65	4	0	
2	22	65	4	0	
2	20	66	4	0	
2	20	68	4	0	
2	20	69	4	0	
3	14	71	4	0	
2	14	71	4	0	
2	13	71	4	0	
2	17	71	4	0	
2	16	71	4	0	
2	16	72	4	0	
2	16	72	4	0	
2	14	72	4	0	
2	14	73	4	0	
2	14	73	4	0	
2	15	73	4	0	
2	16	73	4	0	
2	15	73	5	0	
2	14	73	5	0	
2	14	73	5	0	
2	14	73	5	0	
2	15	73	5	0	
2	16	73	5	0	
2	16	73	5	0	
2	17	74	4	0	
2	15	74	4	0	
2	15	75	5	0	
2	15	75	5	0	
2	16	75	4	0	
2	15	75	4	0	
2	15	75	5	0	
2	16	75	5	0	
2	16	75	5	1	
2	16	75	5	1	
2	16	76	5	1	
2	16	76	5	1	
2	16	76	5	1	
2	16	76	5	2	
2	16	76	5	2	
2	16	76	5	2	
2	16	76	5	2	
2	16	75	5	2	
2	17	75	5	2	
2	17	75	6	2	
2	15	75	6	2	
2	15	75	6	2	
2	15	75	6	2	
2	17	75	6	2	
2	15	75	6	2	
2	15	75	6	2	
2	16	75	6	2	
2	16	75	6	2	
2	16	75	6	2	
2	16	75	6	2	
2	16	75	6	2	
2	16	75	6	2	
2	16	75	6	2	
2	16	75	6	2	
2	16	75	6	3	
2	17	76	6	3	
2	16	77	6	3	
2	16	77	6	3	
2	16	77	6	3	
2	18	78	6	3	
2	19	78	6	3	
2	18	78	6	3	
2	18	75	6	3	
2	14	75	5	3	
2	14	75	4	3	
2	13	75	2	3	
1	13	75	2	3	
1	13	75	2	3	
1	13	75	2	3	
1	13	75	2	3	
1	13	75	2	3	
1	13	75	2	3	
1	15	74	2	3	
1	15	74	2	3	
1	15	74	2	3	
1	14	74	2	3	
1	15	76	3	3	
1	13	76	3	3	
1	14	75	3	3	
1	14	75	3	3	
1	16	74	3	3	
1	16	75	3	3	
1	11	75	3	3	
1	13	74	3	3	
1	13	74	3	3	
1	13	74	3	3	
1	11	74	3	3	
1	12	75	3	3	
1	12	75	3	3	
1	12	75	3	3	
2	13	75	3	3	
2	13	75	3	3	
2	13	76	3	3	
2	14	78	3	3	
2	14	78	3	3	
2	11	78	3	3	
2	12	78	3	3	
2	11	78	3	3	
2	11	78	3	3	
2	12	78	3	3	
2	12	78	3	3	
2	12	78	3	3	
2	12	78	3	3	
2	12	78	3	3	
2	12	78	3	3	
2	12	78	3	3	
2	14	78	0	3	
2	14	78	0	3	
2	16	79	0	3	
2	18	79	0	3	
2	18	79	0	3	
2	19	79	0	3	
2	18	79	0	3	
2	18	79	0	3	
2	18	79	0	3	
2	19	79	0	3	
2	21	79	0	3	
2	19	79	0	3	
2	20	79	0	3	
2	27	79	0	3	
2	27	79	0	3	
2	27	79	0	3	
2	28	79	0	3	
2	29	79	0	3	
2	28	79	0	3	
2	29	80	0	3	
2	29	83	0	3	
2	30	83	0	3	
2	29	85	0	3	
2	30	85	0	3	
2	31	85	0	3	
2	33	85	0	3	
2	32	86	0	3	
2	32	86	0	3	
2	32	87	0	3	
2	33	87	0	3	
2	33	87	0	3	
2	36	87	0	3	
2	36	88	0	3	
2	36	88	0	3	
2	35	88	0	3	
2	35	88	0	3	
2	37	88	0	3	
2	37	88	0	3	
2	37	88	0	3	
2	37	88	0	3	
2	34	89	0	3	
2	33	89	0	3	
2	31	92	0	3	
2	28	92	0	3	
2	28	92	0	3	
2	27	92	0	3	
2	25	94	0	3	
2	25	94	0	3	
2	25	95	0	3	
2	25	95	0	3	
2	25	94	0	3	
2	25	95	0	3	
2	24	95	1	3	
2	24	95	1	3	
2	24	97	1	3	
2	24	97	1	3	
2	25	98	2	3	
2	25	98	2	3	
2	26	98	2	3	
2	25	98	5	3	
2	27	98	3	3	
2	27	98	3	4	
2	28	98	3	4	
2	28	98	2	4	
2	26	98	2	5	
2	25	98	1	5	
2	25	98	1	5	
2	25	98	1	5	
2	25	98	1	5	
2	25	98	1	5	
2	25	98	1	5	
2	25	98	1	5	
2	26	98	1	5	
2	30	99	1	5	
2	31	99	1	5	
2	31	99	1	5	
2	31	100	1	5	
2	31	101	1	5	
2	31	101	1	5	
2	30	101	1	5	
2	30	101	2	5	
2	32	101	1	5	
2	32	101	1	5	
2	33	101	1	5	
2	33	101	1	5	
2	33	101	1	5	
2	35	101	1	5	
2	33	101	1	5	
2	32	101	1	5	
2	32	102	1	5	
2	32	102	1	5	
2	32	102	1	5	
2	32	102	1	5	
2	32	102	1	5	
2	32	102	1	5	
2	30	103	1	5	
2	32	104	1	5	
2	32	104	1	5	
2	32	104	1	5	
2	30	104	1	1	
2	30	104	1	1	
2	28	104	1	1	
2	26	104	1	2	
2	26	104	1	2	
2	26	104	1	2	
2	27	104	1	2	
2	27	104	1	2	
2	28	104	1	2	
2	28	104	1	2	
2	28	104	1	2	
2	29	104	1	2	
2	29	104	1	2	
2	29	104	1	2	
2	29	104	1	2	
2	29	104	1	2	
2	29	104	1	2	
2	29	104	1	1	
2	29	104	1	1	
2	30	103	1	1	
2	31	104	1	1	
2	32	104	1	1	
2	34	104	1	1	
2	34	104	1	1	
2	35	104	1	1	
2	36	104	1	1	
2	36	104	1	1	
2	37	104	1	1	
2	38	104	1	1	
2	38	104	1	1	
2	39	105	1	1	
2	39	105	1	1	
2	39	107	1	1	
2	39	107	1	1	
2	39	107	1	1	
2	39	107	1	1	
2	38	107	2	1	
2	38	107	2	1	
2	34	107	2	1	
2	33	107	2	1	
2	32	108	2	1	
2	32	109	2	1	
2	32	110	2	1	
2	33	110	2	1	
2	33	110	2	1	
2	34	111	2	1	
2	34	111	2	1	
2	34	114	2	1	
2	34	114	2	1	
2	35	114	2	1	
2	35	118	2	1	
2	36	118	2	1	
2	39	118	2	1	
2	39	121	2	1	
2	39	119	2	1	
2	39	119	2	1	
2	39	120	2	1	
2	38	119	3	1	
2	31	119	3	1	
2	32	119	3	1	
2	31	119	3	1	
2	31	120	3	1	
2	32	120	4	1	
2	33	120	4	1	
2	34	120	3	1	
2	33	120	3	1	
2	33	120	3	1	
2	34	120	3	1	
2	34	120	3	1	
2	35	120	3	1	
2	35	120	4	1	
2	34	120	4	1	
2	34	120	4	1	
2	34	122	5	1	
2	34	122	5	1	
2	34	123	5	1	
2	34	123	4	1	
2	34	123	4	1	
2	35	123	4	1	
2	38	123	4	1	
2	38	123	4	1	
2	38	123	4	1	
2	38	123	5	1	
2	38	123	5	1	
2	38	123	5	1	
2	38	123	5	1	
2	38	123	5	1	
2	38	123	5	1	
2	38	123	5	1	
2	38	124	5	1	
2	38	124	5	1	
2	37	124	5	1	
2	37	124	5	1	
2	37	124	5	1	
2	37	124	5	1	
2	38	124	5	1	
2	38	124	5	1	
2	39	126	5	1	
2	39	126	5	1	
2	39	126	5	1	
2	39	126	5	1	
2	40	126	5	1	
2	40	127	5	1	
2	40	127	5	1	
2	40	127	5	1	
2	40	128	5	1	
2	40	128	5	1	
2	41	128	5	1	
2	41	128	5	1	
2	42	128	5	1	
2	42	128	5	1	
2	42	131	5	1	
2	41	132	5	1	
2	41	132	5	1	
2	35	132	5	1	
2	36	132	5	1	
2	36	132	6	1	
2	36	132	6	1	
2	36	133	6	1	
2	36	133	6	1	
2	36	133	6	1	
2	37	133	6	1	
2	37	133	6	1	
2	37	134	6	1	
2	37	134	6	1	
4	37	135	6	1	
4	36	135	6	1	
4	37	135	6	1	
4	38	135	6	1	
4	38	135	6	1	
4	38	136	6	1	
4	38	136	6	1	
4	39	136	6	1	
4	38	138	6	1	
4	39	138	6	1	
4	40	138	6	1	
4	40	138	6	1	
4	40	138	6	1	
4	41	138	6	1	
4	41	138	6	1	
4	41	138	6	1	
4	41	140	6	1	
4	42	140	6	1	
4	43	140	6	1	
4	44	139	6	1	
4	44	139	6	1	
4	44	141	6	1	
4	44	141	6	1	
4	45	141	6	1	
4	45	141	6	1	
4	45	141	6	1	
4	45	141	6	1	
4	45	136	6	1	
4	44	136	6	1	
4	45	138	6	2	
4	46	139	6	2	
4	47	139	7	2	
4	47	139	7	2	
4	47	139	7	2	
4	48	140	7	2	
4	48	129	7	2	
4	49	129	7	2	
4	45	120	7	2	
4	45	120	7	2	
4	45	120	7	2	
4	46	120	7	2	
4	46	124	7	2	
4	47	123	7	2	
4	49	123	7	3	
4	48	125	7	3	
4	48	125	7	3	
4	49	125	7	3	
4	49	125	7	3	
4	49	125	7	3	
4	49	125	7	3	
4	49	127	7	3	
4	50	127	7	3	
4	50	127	7	3	
4	46	127	8	3	
4	47	127	8	3	
4	47	127	8	3	
4	47	127	8	3	
4	47	128	8	3	
4	46	128	8	3	
4	49	128	8	4	
4	49	128	8	4	
4	49	130	9	4	
4	49	130	9	4	
4	49	130	9	4	
4	49	131	9	4	
4	49	131	9	4	
4	49	131	9	4	
4	52	131	9	4	
4	52	132	9	4	
4	52	131	9	4	
4	52	131	9	4	
4	52	131	9	4	
4	52	131	9	4	
4	52	131	9	4	
4	53	131	9	4	
4	54	131	9	4	
4	54	131	9	4	
4	54	131	9	4	
4	54	130	9	4	
4	56	126	9	4	
4	54	126	9	4	
4	54	126	9	4	
4	54	127	10	4	
4	54	127	10	4	
4	54	128	10	4	
4	53	128	11	4	
4	53	128	10	4	
4	53	128	10	4	
4	53	128	10	4	
4	54	129	10	4	
4	54	132	10	4	
4	54	133	10	4	
4	54	133	10	4	
4	54	132	10	4	
4	56	132	10	4	
4	56	132	10	4	
4	56	132	10	4	
4	57	132	10	4	
4	57	134	10	4	
4	57	134	10	4	
4	57	134	10	4	
3	58	134	10	4	
3	58	134	10	4	
3	58	134	10	4	
3	58	134	11	4	
3	59	134	11	4	
3	59	134	11	4	
3	59	134	11	4	
3	59	134	12	4	
3	59	134	11	4	
3	60	135	11	4	
3	60	135	11	4	
3	60	135	11	4	
3	57	136	11	4	
3	57	135	11	4	
3	57	135	11	4	
3	57	135	11	4	
3	57	135	11	4	
3	57	136	11	4	
3	57	136	11	4	
3	57	136	11	3	
3	57	137	11	3	
3	57	137	11	3	
3	58	137	11	3	
3	59	141	11	3	
3	60	142	11	3	
3	60	139	11	3	
3	60	138	11	3	
3	61	138	11	3	
3	61	139	11	3	
3	62	139	11	3	
3	62	138	12	3	
3	62	137	12	3	
3	62	137	12	3	
3	62	137	12	3	
3	63	137	12	3	
3	63	137	12	2	
3	63	138	12	2	
3	64	138	12	2	
3	64	137	12	2	
3	64	137	12	2	
3	64	137	12	2	
3	65	138	12	2	
3	67	138	12	3	
3	67	138	12	3	
3	67	138	12	3	
3	66	140	12	3	
3	65	141	11	3	
3	66	141	11	3	
3	66	138	11	3	
3	66	138	11	3	
3	66	138	11	3	
3	67	136	11	3	
3	67	136	11	3	
3	67	135	11	3	
3	67	135	11	3	
3	68	136	11	4	
3	67	136	11	3	
3	67	135	12	3	
3	67	135	11	3	
3	67	135	11	3	
3	68	138	12	3	
3	68	137	12	3	
3	68	139	12	3	
3	69	140	12	3	
3	70	140	12	3	
3	70	140	12	3	
3	70	139	12	3	
3	71	139	12	3	
3	71	139	14	2	
3	71	141	23	2	
3	71	141	23	2	
3	71	141	23	2	
3	72	141	23	2	
3	72	145	23	2	
3	73	146	23	2	
3	73	146	23	2	
3	73	145	23	2	
3	73	146	23	2	
3	73	147	23	2	
3	73	147	23	2	
3	73	147	23	2	
3	73	146	23	2	
3	73	147	24	2	
3	74	147	21	2	
3	74	148	21	2	
3	74	148	22	2	
3	74	148	22	2	
3	73	148	23	2	
3	74	148	23	2	
3	74	148	23	2	
3	69	150	23	2	
3	69	152	23	2	
3	69	152	23	2	
3	71	149	23	2	
3	72	149	23	2	
3	71	148	23	2	
3	71	143	23	2	
3	71	141	23	2	
3	71	141	23	2	
3	71	140	23	2	
3	71	141	23	2	
3	71	141	23	2	
3	71	141	23	2	
3	71	141	23	2	
3	71	141	24	2	
3	73	142	25	2	
3	74	142	26	2	
3	75	142	25	2	
3	77	143	25	2	
3	77	143	25	2	
3	78	144	25	2	
3	79	146	25	2	
3	79	147	25	2	
3	79	147	25	2	
3	82	148	25	2	
3	82	148	25	3	
3	82	148	25	3	
3	84	148	25	3	
3	83	149	25	3	
3	85	149	25	4	
3	85	150	25	4	
3	87	150	25	3	
3	87	150	25	3	
3	87	150	25	3	
3	87	153	25	3	
3	87	147	25	3	
3	87	147	25	3	
3	87	147	25	3	
3	87	150	25	3	
3	87	152	25	3	
3	87	150	25	4	
3	88	151	25	5	
3	91	147	26	4	
3	91	148	26	5	
3	91	149	26	4	
3	91	146	26	5	
3	91	147	27	4	
3	91	150	27	4	
3	91	149	27	4	
3	92	146	27	4	
3	93	146	27	4	
3	94	147	28	4	
3	94	148	27	4	
3	94	150	27	4	
3	94	149	27	4	
3	94	150	27	3	
3	94	150	27	3	
3	94	150	27	3	
3	94	150	28	3	
3	94	150	28	3	
3	95	151	30	3	
3	95	151	30	3	
3	96	150	31	5	
3	96	150	31	5	
3	96	150	31	5	
3	98	152	31	5	
3	98	153	32	5	
3	98	154	32	5	
3	98	154	32	5	
3	97	154	32	5	
3	99	155	31	3	
3	99	156	31	3	
3	99	156	31	3	
3	99	155	31	3	
3	99	155	30	3	
3	99	156	30	4	
3	99	160	30	3	
3	99	160	30	3	
3	98	160	30	3	
3	98	161	30	3	
3	99	159	30	3	
3	99	159	30	3	
3	99	160	30	3	
3	99	160	29	3	
3	99	160	29	3	
3	101	160	29	3	
3	102	162	29	3	
3	103	162	29	4	
3	102	162	29	4	
3	98	162	29	4	
3	98	162	29	4	
3	99	163	29	4	
3	99	163	29	4	
3	99	163	27	4	
3	99	164	27	4	
3	99	164	27	4	
3	99	166	27	4	
3	99	167	27	4	
3	101	167	27	4	
3	101	167	27	4	
3	100	167	27	4	
3	99	167	27	4	
3	99	167	25	4	
3	99	167	26	4	
3	99	167	26	4	
3	98	167	26	3	
3	90	168	26	4	
3	90	168	26	4	
3	89	168	26	4	
3	90	168	26	3	
3	90	168	26	3	
3	92	168	29	4	
3	92	168	29	4	
3	94	168	29	4	
3	94	169	30	4	
3	94	170	20	4	
3	94	170	18	4	
3	94	170	22	4	
3	94	170	20	4	
3	94	171	20	4	
3	97	171	23	4	
3	97	171	26	4	
3	97	171	34	5	
3	94	171	35	5	
3	94	171	33	5	
3	94	172	33	5	
3	94	172	34	5	
3	95	172	32	5	
3	95	172	32	5	
3	96	172	35	5	
3	96	172	39	5	
3	96	172	37	5	
3	96	172	38	6	
3	97	171	44	6	
3	97	171	42	6	
3	98	172	50	6	
3	99	172	51	6	
3	101	172	47	6	
3	102	172	48	6	
3	104	172	46	6	
3	104	172	44	6	
3	104	172	44	6	
3	105	172	49	5	
3	106	172	49	5	
3	106	172	50	5	
3	106	172	46	5	
3	106	172	46	5	
3	106	170	48	6	
3	107	170	48	6	
3	108	170	53	6	
3	107	171	50	6	
3	107	172	53	6	
3	107	172	52	6	
3	105	172	55	6	
3	106	173	59	5	
3	106	173	58	5	
3	106	173	57	5	
3	108	173	56	6	
3	107	173	58	9	
3	107	173	58	7	
3	109	173	58	7	
3	110	173	58	7	
3	112	173	59	7	
3	111	173	59	5	
3	111	173	60	5	
3	110	173	63	5	
3	111	174	65	5	
3	113	175	65	6	
3	113	176	63	6	
3	114	176	64	6	
3	115	176	65	6	
3	116	176	66	6	
3	116	176	65	6	
3	117	176	64	6	
3	118	176	64	6	
3	119	176	66	6	
3	116	175	67	6	
3	117	176	67	6	
3	114	176	68	6	
3	115	174	72	4	
3	101	173	73	4	
3	99	173	73	4	
3	100	171	73	4	
3	98	171	72	4	
3	101	170	73	5	
3	101	170	73	5	
3	102	170	73	5	
3	102	171	74	5	
3	103	171	77	6	
3	103	171	77	6	
3	103	172	78	5	
3	103	173	77	5	
3	103	175	78	6	
3	103	174	77	6	
3	104	178	77	6	
3	104	177	75	6	
3	102	177	75	6	
3	102	178	75	6	
3	103	178	74	6	
3	103	179	73	6	
3	107	180	71	6	
3	106	180	70	6	
3	106	181	71	6	
3	106	180	71	6	
3	107	180	70	6	
3	105	180	71	6	
3	106	180	75	6	
3	106	182	77	6	
3	106	180	75	6	
3	106	180	75	6	
3	107	181	77	6	
3	107	181	78	6	
3	107	181	76	6	
3	109	181	75	6	
3	110	180	75	6	
3	110	180	77	6	
3	116	180	78	6	
3	116	181	76	6	
3	117	181	76	6	
3	117	181	79	6	
3	117	181	76	5	
3	117	181	75	5	
3	117	181	76	5	
3	117	182	77	5	
3	117	182	75	5	
3	117	183	71	5	
3	113	184	71	6	
3	109	184	71	5	
3	109	185	73	5	
3	109	188	73	5	
3	109	188	75	5	
3	110	188	73	5	
3	110	188	73	5	
3	110	188	71	5	
3	97	188	73	5	
3	97	184	72	5	
3	97	185	77	5	
3	96	185	78	5	
3	96	186	76	5	
3	96	187	71	5	
3	97	187	74	5	
3	98	190	76	5	
3	89	190	76	5	
3	89	190	81	5	
3	86	190	84	5	
3	86	188	83	5	
3	86	188	84	5	
3	86	189	84	5	
3	86	184	83	5	
3	86	183	83	5	
3	86	183	87	5	
3	86	179	87	5	
3	87	179	87	5	
3	88	179	88	5	
3	89	179	85	5	
3	89	178	85	5	
3	89	177	80	5	
3	89	177	81	5	
3	89	177	83	5	
3	89	176	85	5	
3	89	174	87	5	
3	89	173	85	5	
3	90	168	87	5	
3	90	167	90	5	
3	90	167	92	5	
3	90	167	95	5	
3	83	167	93	5	
3	79	167	93	5	
3	80	167	94	5	
3	80	167	97	5	
3	80	167	95	5	
3	80	167	94	5	
3	79	167	94	5	
3	79	167	96	5	
3	79	167	95	5	
3	80	167	93	5	
3	80	168	94	6	
3	69	168	94	6	
3	69	164	94	6	
3	69	163	95	6	
3	69	163	96	6	
3	67	163	99	6	
3	67	163	102	6	
3	63	161	102	6	
3	60	161	103	6	
3	59	158	104	6	
3	59	158	105	6	
3	57	158	104	6	
3	54	158	104	6	
3	56	158	105	6	
3	52	159	106	6	
3	50	156	110	6	
3	50	156	112	6	
3	50	158	113	6	
3	50	152	118	6	
3	51	152	107	6	
3	52	152	112	6	
3	50	152	108	6	
3	50	154	113	6	
3	50	153	104	6	
3	50	147	109	6	
3	52	146	115	6	
3	47	149	107	6	
3	48	149	109	6	
3	49	149	104	6	
3	50	149	105	6	
3	50	149	106	6	
3	50	147	104	6	
3	51	147	105	6	
3	52	147	105	6	
3	49	147	105	6	
3	50	147	99	6	
3	50	147	98	6	
3	50	147	98	6	
3	50	148	97	6	
3	52	149	100	6	
3	53	149	100	6	
3	53	149	101	6	
3	54	150	103	6	
3	51	150	103	6	
3	52	152	103	6	
3	52	152	108	6	
3	52	152	106	6	
3	52	149	107	7	
3	52	149	108	7	
3	52	150	110	7	
3	50	150	110	7	
3	50	150	111	7	
3	52	150	111	7	
3	52	150	107	7	
3	50	150	105	7	
3	41	150	104	7	
3	40	150	106	7	
3	40	150	106	7	
3	42	151	105	7	
3	42	150	106	7	
3	41	150	108	8	
3	39	150	113	8	
3	39	150	110	8	
3	40	151	110	8	
3	40	151	110	8	
3	40	151	112	8	
3	40	151	111	8	
3	40	151	111	8	
3	40	152	111	8	
3	40	151	112	8	
3	44	152	105	9	
3	48	151	112	8	
3	47	151	112	9	
3	49	151	114	9	
3	49	150	110	9	
3	52	150	113	9	
3	52	150	116	9	
3	54	150	111	9	
3	54	151	113	9	
3	54	152	114	9	
3	54	152	123	9	
3	54	152	126	9	
3	54	152	130	9	
3	55	152	126	9	
3	56	153	124	9	
3	56	154	129	9	
3	57	153	133	9	
3	51	148	134	9	
3	52	148	134	9	
3	52	146	134	9	
3	52	146	139	9	
3	52	147	142	6	
3	53	146	134	6	
3	53	147	134	6	
3	53	146	138	6	
3	52	147	136	7	
3	52	148	138	7	
3	53	148	143	7	
3	51	147	148	7	
3	50	146	143	7	
3	50	147	141	7	
3	50	147	141	7	
3	50	149	136	7	
3	51	150	136	7	
3	56	150	139	5	
3	51	148	141	5	
3	53	148	151	5	
3	54	149	147	5	
3	52	149	147	5	
3	52	149	147	5	
3	52	149	148	5	
3	51	150	150	5	
3	51	151	160	5	
1	51	149	161	6	
1	51	149	160	5	
1	52	148	163	5	
1	52	147	170	5	
1	52	148	173	5	
1	52	148	174	5	
1	57	148	175	5	
1	57	143	178	5	
1	57	144	179	5	
1	57	145	181	6	
1	59	144	183	6	
1	53	146	189	5	
1	54	146	188	5	
1	54	146	188	5	
1	54	146	183	5	
1	54	147	188	5	
1	54	147	190	6	
1	53	148	192	5	
1	54	148	194	5	
1	55	148	197	5	
1	54	148	199	5	
1	54	150	200	5	
1	54	152	206	5	
1	54	151	205	5	
1	54	152	209	5	
1	54	153	210	5	
1	54	153	212	5	
1	54	155	214	5	
1	54	152	215	5	
1	54	152	212	5	
1	54	151	213	5	
1	55	152	220	5	
1	56	153	220	5	
1	58	154	221	5	
1	59	154	221	5	
1	59	153	221	5	
1	59	153	222	5	
1	59	153	223	5	
1	60	152	223	5	
1	63	152	228	5	
1	64	152	227	5	
1	64	152	227	5	
1	64	152	227	5	
1	64	152	227	5	
1	65	152	228	5	
1	67	153	229	5	
1	67	153	229	6	
1	66	154	229	6	
1	67	156	231	6	
1	66	156	230	6	
1	66	156	232	7	
1	66	156	232	8	
1	67	157	233	7	
1	66	159	233	7	
1	66	159	231	7	
1	66	155	232	7	
1	68	154	233	7	
1	68	155	233	7	
1	68	154	234	7	
1	70	154	237	8	
1	68	154	231	7	
1	68	154	232	7	
1	68	153	232	7	
1	68	153	233	7	
1	69	154	236	7	
1	69	154	238	7	
1	69	155	240	7	
1	69	155	240	7	
1	69	155	241	7	
1	70	156	244	7	
1	72	155	245	7	
1	72	153	242	7	
1	72	153	242	7	
1	72	155	243	8	
1	72	155	244	8	
1	72	156	242	7	
1	72	159	238	7	
1	67	155	239	7	
1	48	154	241	7	
1	34	152	240	7	
1	23	150	240	7	
1	23	150	238	7	
1	22	151	237	7	
1	22	154	236	7	
1	22	153	238	7	
1	22	153	238	7	
1	22	153	238	7	
1	22	153	238	7	
1	22	153	240	7	
1	22	153	240	7	
1	22	154	243	7	
1	22	153	245	7	
1	22	154	245	7	
1	22	154	245	7	
1	22	154	245	7	
1	22	154	246	7	
1	22	154	250	7	
1	22	154	250	7	
1	22	154	252	7	
1	22	155	253	7	
1	22	154	253	8	
1	22	153	252	8	
1	22	153	256	8	
1	22	154	257	8	
1	22	146	252	8	
1	22	146	255	7	
1	22	146	256	7	
1	22	146	259	7	
1	26	146	262	7	
1	26	146	267	7	
1	26	147	264	7	
1	24	147	270	7	
1	24	149	268	7	
1	24	149	270	7	
1	26	149	273	7	
1	26	149	275	7	
1	26	150	278	7	
4	26	152	284	7	
4	28	153	287	7	
4	29	153	282	7	
4	29	153	283	7	
4	27	153	283	7	
4	26	153	282	7	
4	26	153	281	7	
4	26	153	279	7	
4	26	153	282	7	
4	26	154	285	7	
4	26	158	289	7	
4	26	158	284	7	
4	26	157	256	7	
4	26	160	258	7	
4	26	160	256	7	
4	27	157	258	7	
3	29	158	259	7	
3	29	159	260	7	
3	29	156	256	7	
3	29	156	258	7	
3	29	159	258	7	
3	29	162	258	7	
3	24	158	259	7	
3	24	159	263	7	
3	24	160	269	6	
3	24	160	272	6	
3	24	158	271	6	
3	25	158	266	6	
3	26	160	265	6	
3	26	161	264	6	
3	26	158	252	6	
3	26	158	253	6	
3	25	160	254	6	
3	25	160	255	6	
3	25	160	253	6	
3	25	161	252	6	
3	25	158	252	6	
3	25	158	256	6	
3	25	158	257	6	
3	25	157	256	6	
3	25	157	260	6	
3	26	157	256	6	
3	28	158	265	6	
3	30	158	259	6	
3	29	158	264	6	
3	28	161	264	6	
3	27	160	261	6	
3	29	160	258	6	
3	29	161	262	6	
3	29	162	263	6	
3	30	162	268	6	
3	31	160	266	6	
3	30	160	266	6	
3	29	161	268	6	
3	26	162	271	6	
3	23	162	271	6	
3	22	167	276	6	
3	23	165	279	6	
3	24	165	277	6	
3	24	165	280	6	
3	25	165	279	6	
3	25	165	277	6	
3	25	166	276	6	
3	26	166	274	6	
3	25	167	276	6	
3	25	167	275	6	
3	25	165	274	6	
3	23	166	277	6	
3	23	166	272	6	
3	24	167	273	6	
3	24	167	272	6	
3	24	167	274	6	
3	25	166	276	7	
3	25	165	277	6	
3	26	165	279	6	
3	26	165	279	6	
3	26	165	281	6	
3	26	166	282	6	
3	26	165	275	7	
3	26	164	276	7	
3	26	164	276	7	
3	25	163	274	7	
3	27	163	274	8	
3	26	165	278	7	
3	28	165	278	7	
3	28	166	278	7	
3	28	164	279	7	
3	28	164	276	7	
3	28	163	278	7	
3	29	163	279	7	
3	29	163	279	8	
3	29	163	277	8	
3	30	164	281	9	
3	30	162	283	9	
3	30	162	285	9	
3	30	161	283	9	
3	30	161	286	9	
3	30	162	284	7	
3	29	163	285	6	
3	30	162	286	4	
3	30	161	286	4	
3	30	161	285	4	
3	31	161	286	4	
3	32	161	287	4	
3	32	162	288	4	
3	32	164	289	4	
3	32	161	290	4	
3	32	161	291	4	
3	32	161	295	4	
3	32	161	283	4	
3	32	161	284	4	
3	31	161	286	3	
3	31	160	287	3	
3	33	160	286	3	
3	32	160	287	3	
3	32	160	285	3	
3	31	160	288	3	
3	31	160	288	3	
3	31	160	287	3	
3	31	160	287	3	
3	31	160	287	4	
3	31	160	287	5	
3	31	159	288	5	
3	31	161	289	5	
3	30	161	288	5	
3	30	161	291	5	
3	30	161	292	5	
3	31	161	291	5	
3	31	161	294	5	
3	31	162	303	6	
3	31	163	301	6	
3	31	164	307	6	
3	32	164	308	6	
3	32	164	306	6	
3	32	163	307	6	
3	32	163	308	6	
3	32	165	304	6	
3	32	164	303	6	
3	32	164	304	6	
3	32	164	305	6	
3	33	164	308	3	
3	34	164	307	3	
3	33	162	304	3	
3	32	163	304	3	
3	32	162	305	3	
3	35	162	306	3	
3	35	164	306	3	
3	33	164	310	3	
3	33	164	309	3	
3	33	164	311	3	
3	33	165	305	3	
3	33	164	307	3	
3	33	163	306	4	
3	33	163	307	4	
3	33	164	310	4	
3	34	165	310	4	
3	35	164	311	4	
3	34	165	313	4	
3	34	163	314	4	
3	34	163	315	4	
3	35	163	316	4	
3	36	164	320	4	
3	36	162	310	4	
3	36	160	311	4	
3	37	159	311	4	
3	37	160	312	4	
3	35	160	312	4	
3	35	162	315	4	
3	36	162	315	4	
3	36	162	313	4	
3	35	162	312	4	
3	34	162	312	4	
3	34	162	313	4	
3	34	162	314	5	
3	35	163	313	5	
3	35	163	314	5	
3	35	160	314	6	
3	35	159	316	6	
3	37	161	316	6	
3	38	160	316	6	
3	38	161	320	6	
3	38	161	323	7	
3	38	161	324	7	
3	38	160	324	7	
3	38	160	327	7	
3	38	161	328	5	
3	39	161	330	5	
4	38	160	336	5	
4	38	160	337	5	
4	38	160	336	4	
2	38	160	336	4	
2	38	161	331	4	
2	38	162	332	4	
2	38	162	332	4	
2	39	162	332	4	
2	39	162	336	4	
2	39	162	337	4	
2	39	160	340	4	
2	39	160	339	4	
2	39	160	340	4	
2	40	160	337	4	
2	40	160	337	5	
2	41	160	336	5	
2	41	160	335	5	
2	41	157	335	5	
2	42	158	338	5	
2	42	157	337	5	
2	43	157	336	5	
2	42	158	332	5	
2	43	158	334	5	
2	44	158	335	5	
2	44	157	338	5	
2	44	156	333	5	
2	44	156	335	5	
2	44	156	335	5	
2	44	156	337	5	
2	44	156	339	5	
2	44	157	342	5	
2	44	159	349	5	
2	44	160	345	5	
2	44	158	346	5	
2	44	159	345	5	
2	44	159	343	5	
2	45	159	344	5	
2	45	159	347	5	
2	45	159	348	5	
2	47	160	345	6	
2	48	159	346	7	
2	46	159	345	7	
2	45	160	345	7	
2	47	160	342	6	
2	48	160	341	7	
2	48	158	341	6	
2	48	158	342	6	
2	48	159	343	5	
2	49	162	342	5	
2	51	163	343	5	
2	51	163	345	5	
2	52	164	347	5	
2	52	164	344	5	
2	52	163	346	5	
2	52	165	347	5	
2	52	166	349	5	
2	52	168	352	5	
2	52	168	353	5	
2	52	167	350	4	
2	52	167	349	4	
2	52	167	348	4	
2	52	167	346	4	
2	52	167	342	4	
2	53	167	344	4	
2	53	168	341	5	
2	53	168	340	5	
2	53	170	338	5	
2	53	169	334	5	
2	53	168	333	6	
2	53	167	340	6	
2	53	164	341	5	
2	53	164	330	5	
2	53	164	330	6	
2	53	164	329	6	
2	54	166	329	6	
2	54	166	330	6	
2	54	166	330	6	
2	54	167	329	6	
2	54	167	329	6	
2	54	168	329	6	
2	54	165	330	6	
2	54	162	334	6	
2	54	162	333	6	
2	54	161	333	6	
2	54	161	334	6	
2	54	161	334	6	
2	54	161	333	6	
2	55	161	337	7	
2	55	161	336	7	
2	55	161	336	7	
2	56	162	337	7	
2	56	162	339	7	
2	56	160	335	7	
2	57	160	333	7	
2	57	160	333	7	
2	57	161	334	8	
2	57	161	334	7	
2	57	161	334	7	
2	57	161	335	7	
2	57	161	337	7	
2	57	161	333	7	
2	57	161	335	7	
2	57	162	332	7	
2	57	158	331	7	
2	57	154	334	6	
2	58	151	333	6	
2	57	151	329	6	
2	57	152	331	6	
2	56	152	332	6	
2	56	152	332	6	
2	56	148	332	6	
2	56	149	335	6	
2	56	148	336	6	
2	56	148	335	6	
2	56	148	332	6	
2	57	149	334	6	
2	57	149	333	7	
2	57	148	334	5	
2	57	150	335	5	
2	57	149	335	5	
2	58	150	336	5	
2	58	150	337	5	
2	58	149	339	5	
2	59	151	338	4	
2	59	149	331	4	
2	59	149	333	4	
2	60	149	334	4	
2	60	149	334	4	
2	60	150	336	4	
2	60	149	337	4	
2	59	149	337	4	
2	53	148	334	4	
2	50	148	333	4	
2	50	149	334	5	
2	50	150	335	5	
2	50	150	336	5	
2	52	149	336	7	
2	52	145	336	7	
2	52	145	339	7	
2	52	143	340	5	
2	52	143	341	4	
2	52	143	346	4	
2	52	143	343	4	
2	52	143	341	4	
2	52	144	341	4	
2	53	144	340	4	
2	53	144	340	4	
2	53	148	342	4	
2	53	149	341	4	
2	53	149	339	4	
2	53	150	342	4	
2	53	152	341	4	
2	53	153	323	4	
2	53	154	323	4	
2	55	154	323	4	
2	55	154	323	4	
2	55	156	326	4	
2	55	157	328	4	
2	55	159	330	4	
2	55	160	330	4	
2	55	160	330	6	
2	56	161	332	6	
2	56	161	328	6	
2	57	161	327	6	
2	57	161	327	6	
2	57	161	327	5	
2	57	162	327	5	
2	57	162	328	5	
2	57	162	329	5	
2	59	162	324	5	
2	59	162	324	5	
2	59	164	324	5	
2	60	164	328	5	
2	60	164	324	5	
2	60	165	326	5	
2	60	164	324	5	
2	60	165	319	5	
2	61	166	295	5	
2	61	167	295	6	
2	61	165	296	5	
2	61	166	298	5	
2	62	166	299	5	
2	62	166	302	5	
2	63	165	302	5	
2	64	165	304	6	
2	64	165	307	5	
2	64	165	308	6	
2	64	165	310	6	
2	64	165	308	7	
2	64	166	309	7	
2	64	168	312	7	
2	64	167	315	8	
2	64	162	318	8	
2	64	162	321	8	
2	64	162	324	8	
2	65	163	321	5	
2	64	165	328	4	
2	57	165	329	4	
2	57	166	328	4	
2	57	166	327	4	
2	57	166	328	4	
2	58	167	326	4	
2	58	167	325	4	
2	58	167	326	5	
2	58	167	330	5	
2	58	168	329	5	
2	58	167	327	5	
2	58	168	328	5	
2	58	168	319	5	
2	58	164	320	5	
2	57	163	329	5	
2	56	163	327	5	
2	56	163	327	5	
2	56	163	324	4	
2	57	154	327	5	
2	57	153	329	4	
2	57	153	329	4	
2	58	153	333	4	
2	58	153	338	4	
2	58	152	338	4	
2	58	150	341	5	
2	58	150	341	5	
2	58	153	331	5	
2	58	152	332	5	
2	58	151	334	5	
2	58	153	334	5	
2	58	152	328	5	
2	58	151	329	5	
2	58	153	329	5	
0	58	152	330	4	
0	58	152	331	5	
0	60	153	338	5	
0	60	152	334	5	
0	60	153	334	5	
0	61	153	338	5	
0	61	149	332	5	
0	57	149	330	5	
0	57	151	330	5	
0	57	151	329	5	
0	57	152	330	7	
0	57	152	332	5	
0	57	153	335	9	
0	58	150	332	9	
0	58	147	334	12	
0	58	147	335	7	
0	58	147	341	7	
0	58	147	347	6	
0	58	147	345	6	
0	59	148	346	6	
0	59	147	346	6	
0	59	146	343	7	
0	59	147	345	7	
0	59	146	351	7	
0	59	146	353	7	
0	59	146	351	7	
0	59	150	352	7	
0	59	149	347	7	
0	59	148	350	7	
0	59	147	350	9	
0	59	147	351	8	
0	59	145	351	8	
0	59	145	350	8	
0	59	145	351	9	
0	59	145	351	8	
0	59	145	349	10	
0	59	146	349	8	
0	59	146	353	13	
0	59	146	355	8	
0	60	146	359	8	
0	60	147	355	8	
0	60	148	354	8	
0	60	148	355	7	
0	60	150	355	7	
0	60	149	355	7	
0	61	148	354	9	
0	62	148	355	9	
0	62	148	356	8	
0	62	148	357	8	
0	62	148	359	8	
0	62	149	358	8	
0	62	153	361	8	
0	63	154	359	8	
0	63	155	360	7	
0	63	155	355	8	
0	64	157	358	9	
0	64	157	361	8	
0	64	157	359	8	
0	64	155	350	9	
0	64	156	348	9	
0	64	157	347	9	
0	64	159	347	10	
0	64	159	348	10	
0	64	159	352	10	
0	64	159	348	10	
0	65	159	349	10	
0	65	160	349	10	
0	65	161	352	9	
0	65	161	351	9	
0	65	159	352	9	
0	65	159	353	9	
0	65	160	352	9	
0	65	161	349	9	
1	65	161	350	9	
0	65	161	344	10	
0	65	161	345	10	
0	65	161	347	9	
0	65	160	350	9	
0	65	163	351	9	
0	65	162	350	9	
0	65	165	352	7	
0	65	164	354	7	
0	66	163	356	10	
0	66	164	355	9	
0	66	164	355	9	
0	66	164	356	11	
0	66	164	355	11	
0	67	164	360	11	
0	67	164	358	11	
0	67	164	364	10	
0	66	163	363	9	
0	67	162	360	9	
0	67	162	356	9	
0	67	162	357	9	
0	68	162	359	9	
0	68	162	360	9	
0	68	164	360	9	
0	66	164	362	9	
0	66	164	362	9	
0	66	165	364	9	
0	66	165	364	9	
0	67	165	362	9	
0	68	162	363	9	
0	68	165	363	9	
0	68	164	363	9	
0	68	164	365	9	
0	68	164	363	9	
0	69	165	363	9	
0	69	165	365	9	
0	70	165	366	9	
0	70	165	365	9	
0	70	164	366	9	
0	70	164	362	9	
0	70	164	362	9	
0	71	163	364	10	
0	71	163	365	9	
0	71	164	362	9	
0	71	165	367	9	
0	71	165	363	9	
0	71	165	363	9	
0	71	165	364	9	
0	71	166	354	9	
0	71	166	349	9	
0	71	161	351	9	
0	71	163	348	9	
0	71	161	347	9	
0	71	159	342	9	
0	72	159	335	9	
0	72	159	339	9	
0	72	159	342	9	
0	72	160	346	9	
0	72	161	347	9	
0	72	157	349	8	
0	72	157	349	8	
0	72	157	349	8	
0	72	157	350	8	
0	73	161	343	8	
0	73	159	348	9	
0	73	161	355	8	
0	73	161	353	8	
0	73	159	349	8	
0	73	159	352	8	
0	73	159	350	8	
0	73	159	350	8	
0	73	158	352	8	
0	73	159	352	8	
0	73	159	353	8	
0	73	159	346	8	
0	73	158	345	8	
0	73	159	346	8	
0	73	149	347	8	
0	62	148	347	8	
0	62	148	348	8	
0	62	148	351	8	
0	62	148	352	8	
0	62	148	358	8	
0	62	148	363	8	
0	62	149	366	8	
0	62	149	364	8	
0	62	151	367	8	
0	63	151	371	8	
0	63	150	374	8	
0	63	150	375	8	
0	63	150	380	8	
0	63	150	385	8	
0	63	153	387	8	
0	63	147	390	8	
0	63	145	392	8	
0	63	146	392	9	
0	63	146	387	9	
0	63	146	388	9	
0	63	146	392	9	
0	63	147	396	9	
0	63	148	401	9	
0	63	147	402	9	
0	63	147	403	9	
0	64	147	405	9	
0	64	148	410	9	
0	64	148	406	9	
0	65	148	402	9	
0	65	148	400	9	
0	65	149	401	9	
0	65	147	407	9	
0	65	147	413	9	
0	65	148	411	9	
0	65	148	407	9	
0	65	148	406	9	
0	65	148	403	9	
0	66	148	408	9	
0	66	148	408	9	
0	66	148	412	9	
0	67	149	411	9	
0	68	149	409	11	
0	67	149	410	11	
0	67	149	411	12	
0	67	148	411	10	
0	67	147	413	10	
0	67	147	415	10	
0	67	147	415	11	
0	68	147	417	11	
0	68	147	419	10	
0	68	148	420	10	
0	68	149	415	10	
0	68	150	416	10	
0	68	151	418	10	
0	69	150	419	10	
0	69	150	420	10	
0	69	148	421	10	
0	69	139	423	10	
0	69	138	422	10	
0	69	136	420	9	
0	69	132	419	9	
0	69	129	420	9	
0	69	129	421	10	
0	69	128	421	10	
0	69	129	417	10	
0	69	129	418	11	
0	69	129	420	12	
0	69	129	419	11	
0	69	129	420	12	
0	69	129	424	12	
0	69	131	422	13	
0	69	131	423	13	
0	69	131	425	13	
0	69	128	429	11	
0	69	129	425	11	
0	69	130	431	11	
0	69	130	431	11	
0	69	131	430	11	
0	69	131	431	11	
0	69	131	432	13	
0	70	131	432	11	
0	70	132	434	11	
0	70	132	433	11	
0	70	132	431	11	
0	70	132	434	11	
0	71	132	434	11	
0	71	132	436	11	
0	71	132	437	11	
0	72	132	437	11	
0	72	132	437	11	
1	72	133	438	11	
1	72	132	438	11	
1	72	133	438	11	
1	72	133	439	11	
1	72	133	438	11	
1	72	133	437	11	
1	72	133	440	12	
1	72	133	441	12	
1	72	133	441	12	
1	72	136	443	11	
1	72	133	442	11	
1	72	133	444	11	
1	72	133	446	11	
1	72	133	447	11	
1	72	133	448	11	
	72	134	450	11	
	72	134	449	11	
	72	134	450	11	
	72	134	444	11	
	73	135	441	11	
	73	135	443	11	
	73	136	445	11	
	73	138	445	12	
	73	137	449	11	
	73	133	451	11	
	73	133	453	11	
	73	132	456	11	
	73	132	458	12	
	73	132	458	12	
	74	132	461	12	
	74	133	450	12	
	74	133	451	12	
	74	133	452	13	
	74	133	455	12	
	74	133	454	12	
	74	133	451	12	
	75	133	451	12	
	77	133	452	12	
	77	134	453	12	
	78	133	453	12	
	78	133	455	12	
	79	134	457	12	
	79	134	458	12	
	79	134	461	12	
	80	134	464	12	
	82	134	465	12	
	82	134	465	12	
	84	134	468	12	
	84	136	467	12	
	84	135	467	12	
	84	133	468	12	
	85	134	463	12	
	85	134	462	12	
	85	134	460	12	
	85	133	459	12	
	87	133	458	12	
	87	122	460	12	
	88	122	458	12	
	89	123	462	12	
	89	121	460	12	
	89	121	463	12	
	91	121	465	12	
	91	121	465	12	
	91	117	465	12	
	90	117	465	12	
	91	116	465	12	
	91	117	462	12	
	91	117	462	12	
	91	122	462	12	
	91	122	464	12	
	91	123	465	12	
	91	121	463	12	
	91	121	464	12	
	91	122	466	12	
	91	121	465	13	
	91	121	467	13	
	91	121	466	13	
	91	122	467	13	
	91	124	468	13	
	91	124	469	13	
	92	125	469	14	
	92	124	468	14	
	92	124	466	14	
	92	124	471	14	
	90	125	471	14	
	91	120	475	14	
	92	120	475	14	
	92	121	475	14	
	92	121	474	14	
	92	121	474	14	
	92	121	472	14	
	92	120	474	14	
	93	121	475	14	
	93	121	474	14	
	93	122	474	14	
	94	121	475	14	
	94	121	479	15	
	83	121	478	11	
	83	121	475	11	
	83	121	477	11	
	83	121	478	11	
	84	122	473	11	
	84	123	476	11	
	83	122	479	11	
	83	121	481	11	
	83	121	477	11	
	83	119	477	11	
	83	119	479	11	
	83	118	480	11	
	83	120	480	11	
	83	120	482	11	
	83	121	482	11	
	83	122	486	11	
	83	122	487	11	
	83	122	490	11	
	83	122	484	11	
	83	122	489	11	
	83	122	491	11	
	83	123	492	11	
	84	123	498	11	
	84	123	457	11	
	84	123	448	11	
	84	123	443	13	
	84	123	441	11	
	84	123	440	12	
	84	123	442	12	
	84	122	444	12	
	84	123	446	11	
	85	123	447	11	
	85	123	448	11	
	85	124	443	11	
	85	124	442	11	
	85	124	442	11	
	85	124	444	11	
	85	124	444	11	
	85	124	445	11	
	85	124	446	11	
	85	124	446	11	
	85	125	448	12	
	85	125	447	12	
	85	127	451	12	
	86	122	453	12	
	85	122	455	12	
	85	122	457	12	
	85	124	453	12	
	85	125	455	12	
	85	127	456	12	
	86	127	456	12	
	86	128	458	12	
	86	130	458	12	
	86	131	458	12	
	86	132	468	12	
	86	133	466	12	
	87	132	464	12	
	88	132	469	12	
	88	132	463	12	
	88	132	466	12	
	89	133	466	12	
	90	132	468	12	
	90	132	469	12	
	91	132	466	12	
	91	132	472	13	
	91	132	474	13	
	92	132	477	13	
	92	133	477	17	
	92	135	483	17	
	92	133	488	16	
	93	133	488	15	
	93	133	490	16	
	94	134	484	17	
	94	134	486	17	
	94	134	480	16	
	94	134	478	18	
	94	133	478	11	
	94	134	477	11	
	94	132	476	11	
	94	132	477	11	
	94	132	477	12	
	94	137	479	12	
	94	139	468	12	
	94	138	471	12	
	94	138	469	12	
	94	138	465	12	
	94	138	461	10	
	94	134	459	10	
	95	133	461	10	
	95	133	463	10	
	96	134	462		
	96	134	462		
	96	136	463		
	96	137	464		
	96	137	461		
	96	137	464		
	96	133	465		
	97	133	466		
	96	133	466		
	96	132	466		
	99	131	465		
	99	132	465		
	98	132	467		
	98	134	468		
	100	135	470		
	99	136	471		
	99	137	472		
	99	136	472		
	99	136	472		
	100	136	473		
	100	136	473		
	100	137	475		
	100	137	476		
	100	136	476		
	100	136	476		
	100	137	477		
	100	137	477		
	100	137	475		
	100	136	476		
	100	136	477		
	101	136	475		
	101	136	476		
	101	136	476		
	101	137	476		
	101	136	477		
	101	136	477		
	101	141	477		
	101	140	478		
	101	140	477		
	101	140	477		
	101	141	480		
	101	142	479		
	102	141	479		
	102	141	482		
	102	138	483		
	102	138	483		
	102	137	484		
	102	137	484		
	102	138	484		
	102	135	483		
	103	135	482		
	103	135	482		
	104	138	482		
	104	138	483		
	104	139	481		
	104	139	483		
	104	139	483		
	104	139	482		
	104	137	483		
	104	137	484		
	104	137	484		
	104	137	483		
	104	137	485		
	104	138	480		
	104	138	480		
	104	138	479		
	104	138	480		
	104	138	481		
	104	138	480		
	104	139	478		
	104	139	479		
	104	139	479		
	104	139	480		
	104	139	481		
	104	140	481		
	104	141	481		
	104	142	485		
	104	141	488		
	104	141	486		
	104	141	487		
	104	141	489		
	104	142	489		
	104	143	493		
	104	144	496		
	104	145	494		
	104	145	495		
	104	145	497		
	104	145	498		
	104	145	497		
	104	145	498		
	106	145	497		
	106	145	496		
	106	145	497		
	106	145	497		
	106	145	497		
	106	145	497		
	106	145	500		
	106	146	502		
	106	146	504		
	106	146	505		
	106	144	509		
	106	144	506		
	106	146	507		
	106	144	507		
	106	144	506		
	106	145	505		
	106	145	505		
	107	145	507		
	107	145	507		
	107	145	507		
	107	145	508		
	107	145	506		
	108	145	511		
	108	147	513		
	109	147	517		
	109	147	511		
	109	146	513		
	109	146	515		
	109	148	510		
	109	148	508		
	110	148	508		
	111	148	507		
	111	148	506		
	111	149	509		
	111	149	507		
	111	149	508		
	111	150	502		
	112	150	503		
	113	150	504		
	113	150	504		
	113	151	503		
	113	152	504		
	113	152	504		
	113	153	503		
	113	153	506		
	113	153	506		
	113	154	507		
	113	154	509		
	113	154	511		
	113	154	511		
	113	154	509		
	113	155	511		
	113	154	511		
	113	154	507		
	113	154	509		
	113	154	511		
	114	154	511		
	114	154	511		
	114	154	512		
	114	154	505		
	114	154	505		
	114	154	505		
	114	154	506		
		155	507		
		155	507		
		155	507		
		155	508		
		155	508		
		155	509		
		156	507		
		156	505		
		155	504		
		155	504		
		156	504		
		156	504		
		155	504		
		155	506		
		155	506		
		155	509		
		155	509		
		155	509		
		155	509		
		155	511		
		155	513		
		156	511		
		156	512		
		156	512		
		156	512		
		156	507		
		156	508		
		156	508		
		157	508		
		157	508		
		157	502		
		158	501		
		158	500		
		158	502		
		160	502		
		160	501		
		160	502		
		160	503		
		160	503		
		160	504		
		160	504		
		161	504		
		162	504		
		162	504		
		162	504		
		163	508		
		163	510		
		163	509		
		163	508		
		162	506		
		162	506		
		162	508		
		162	510		
		162	511		
		162	511		
		162	512		
		162	517		
		162	516		
		162	515		
		162	517		
		162	508		
		163	511		
		163	506		
		163	502		
		163	501		
		164			
		165			
		165			
		166			
		166			
		166			
		166			
		167			
		167			
		168			
		167			
		167			
		167			
		167			
		168			
		168			
		169			
		169			
		169			
		169			
		169			
		169			
		169			
		169			
		169			
		169			
		169			
		169			
		170			
		170			
		170			
		171			
		171			
		171			
		171			
		171			
		172			
		171			
		172			
		172			
		172			
		172			
		172			
		173			
		174			
		174			
		174			
		174			
		174			
		174			
		174			
		174			
		174			
		174			
		175			
		175			
		175			
		175			
		175			
		175			
		175			
		175			
		175			
		175			
		175			
		175			
		175			
		175			
		177			
		177			
		176			
		176			
		176			
		176			
		176			
		176			
		177			
		177			
		177			
		177			
		177			
		177			
		175			
		175			
		175			
		176			
		176			
		176			
		176			
		176			
		177			
		178			
		178			
		178			
		178			
		178			
		179			
		181			
		180			
		180			
		178			
		178			
		178			
		178			
		178			
		178			
		178			
		178			
		179			
		180			
		181			
		181			
		182			
		182			
		180			
		182			
		180			
		181			
		181			
		182			
		180			
		181			
		180			
		180			
		179			
		179			
		179			
		179			
		179			
		182			
		178			
		178			
		178			
		178			
		178			
		178			
		178			
		179			
		181			
		182			
		182			
		182			
		182			
		182			
		182			
		181			
		179			
		179			
		179			
		179			
		177			
		177			
		177			
		177			
		176			
		176			
		176			
		177			
		177			
		178			
		178			
		179			
		179			
		176			
		176			
		174			
		174			
		174			
		173			
		173			
		173			
		168			
		168			
		168			
		178			
		177			
		177			
		177			
		175			
		175			
		176			
		176			
		176			
		178			
		178			
		178			
		179			
		179			
		179			
		182			
		181			
		175			
		178			
		175			
		179			
		181			
		181			
		181			
		182			
		182			
		182			
		183			
		183			
		182			
		181			
		181			
		180			
		180			
		180			
		181			
		181			
		181			
		181			
		182			
		183			
		183			
		177			
		178			
		177			
		177			
		177			
		179			
		179			
		179			
		179			
		179			
		180			
		180			
		180			
		180			
		181			
		179			
		179			
		180			
		179			
		178			
		181			
		181			
		182			
		177			
		173			
		173			
		174			
		174			
		175			
		175			
		175			
		176			
		176			
		176			
		176			
		176			
		176			
		176			
		176			
		176			
		177			
		177			
		177			
		177			
		177			
		177			
		177			
		177			
		177			
		177			
		177			
		177			
		177			
		177			
		177			
		177			
		177			
		177			
		177			
		177			
		177			
		177			
		178			
		178			
		179			
		179			
		179			
		179			
		179			
		179			
		179			
		179			
		179			
		179			
		180			
		179			
		179			
		180			
		180			
		180			
		180			
		180			
		181			
		181			
		181			
		181			
		162			
		159			
		157			
		158			
		158			
		159			
		159			
		159			
		159			
		159			
		160			
		160			
		161			
		160			
		160			
		160			
		159			
		159			
		160			
		159			
		159			
		156			
		156			
		156			
		158			
		158			
		158			
		157			
		157			
		157			
		157			
		157			
		157			
		157			
		156			
		157			
		156			
		157			
		159			
		159			
		159			
		158			
		158			
		159			
		158			
		158			
		158			
		158			
		156			
		156			
		156			
		157			
		157			
		156			
		156			
		157			
		157			
		157			
		157			
		156			
		156			
		156			
		156			
		156			
		156			
		157			
		159			
		156			
		156			
		156			
		156			
		157			
		155			
		145			
		147			
		146			
		146			
		146			
		143			
		143			
		143			
		143			
		142			
		143			
		143			
		143			
		143			
		143			
		142			
		142			
		142			
		142			
		143			
		143			
		143			
		143			
		143			
		143			
		143			
		143			
		143			
		143			
		143			
		143			
		143			
		143			
		145			
		144			
		143			
		143			
		143			
		144			
		144			
		144			
		143			
		144			
		144			
		144			
		145			
		145			
		145			
		146			
		146			
		145			
		144			
		144			
		143			
		139			
		139			
		139			
		138			
		137			
		137			
		137			
		136			
		136			
		136			
		136			
		136			
		136			
		136			
		134			
		134			
		136			
		136			
		136			
		136			
		136			
		134			
		130			
		130			
		130			
		130			
		130			
		131			
		131			
		131			
		131			
		131			
		131			
		131			
		131			
		130			
		129			
		129			
		129			
		129			
		131			
		131			
		131			
		131			
		130			
		130			
		130			
		130			
		131			
		130			
		130			
		131			
		130			
		130			
		130			
		131			
		131			
		131			
		131			
		131			
		131			
		131			
		131			
		131			
		131			
		131			
		132			
		132			
		132			
		133			
		133			
		133			
		131			
		130			
		131			
		130			
		130			
		130			
		130			
		130			
		131			
		131			
		131			
		131			
		132			
		131			
		131			
		131			
		129			
		129			
		129			
		129			
		129			
		130			
		131			
		131			
		131			
		131			
		131			
		129			
		130			
		131			
		131			
		131			
		128			
		128			
		129			
		128			
		128			
		128			
		129			
		130			
		129			
		129			
		126			
		128			
		127			
		127			
		127			
		127			
		128			
		128			
		127			
		120			
		120			
		120			
		120			
		120			
		120			
		120			
		120			
		120			
		120			
		120			
		120			
		120			
		124			
		122			
		122			
		121			
		121			
		121			
		121			
		119			
		119			
		119			
		119			
		119			
		119			
		119			
		119			
		119			
		119			
		119			
		119			
		120			
		121			
		120			
		120			
		120			
		120			
		120			
		120			
		120			
		120			
		120			
		120			
		120			
		120			
		120			
		120			
		120			
		120			
		120			
		120			
		120			
		120			
		120			
		120			
		121			
		121			
		121			
		121			
		121			
		121			
		121			
		122			
		122			
		120			
		120			
		120			
		120			
		121			
		120			
		120			
		120			
		118			
		119			
		118			
		118			
		118			
		118			
		118			
		118			
		118			
		118			
		118			
		118			
		118			
		118			
		118			
		116			
		116			
		116			
		116			
		116			
		116			
		116			
		116			
		116			
		117			
		116			
		116			
		116			
		116			
		116			
		116			
		116			
		116			
		116			
		116			
		117			
		116			
		116			
		116			
		116			
		116			
		116			
		116			
		116			
		116			
		116			
		116			
		116			
		116			
		116			
		116			
		116			
		116			
		116			
		116			
		115			
		115			
		115			
		115			
		117			
		117			
		118			
		118			
		118			
		118			
		118			
		118			
		118			
		118			
		118			
		118			
		116			
		116			
		116			
		116			
		116			
		116			
		116			
		116			
		116			
		116			
		116			
		116			
		116			
		116			
		116			
		116			
		116			
		117			
		117			
		117			
		118			
		118			
		117			
		117			
		117			
		117			
		117			
		117			
		117			
		117			
		117			
		117			
		117			
		117			
		117			
		117			
		117			
		117			
		117			
		117			
		117			
		117			
		117			
		117			
		118			
		118			
		118			
		118			
		118			
		119			
		119			
		119			
		119			
		119			
		119			
		118			
		118			
		118			
		118			
		118			
		118			
		118			
		118			
		118			
		118			
		118			
		118			
		118			
		118			
		118			
		118			
		118			
		118			
		118			
		118			
		118			
		118			
		118			
		118			
		118			
		118			
		118			
		118			
		118			
		118			
		118			
		118			
		118			
		118			
		118			
		118			
		118			
		118			
		118			
		118			
		118			
		118			
		118			
		118			
		118			
		118			
		118			
		118			
		118			
		118			
		118			
		118			
		118			
		118			
		118			
		118			
		118			
		119			
		119			
		122			
		119			
		119			
		121			
		121			
		121			
		120			
		122			
		122			
		122			
		119			
		119			
		119			
		119			
		119			
		119			
		119			
		116			
		116			
		116			
		116			
		116			
		116			
		116			
		116			
		116			
		116			
		116			
		111			
		111			
		111			
		111			
		111			
		111			
		112			
		111			
		111			
		111			
		111			
		111			
		111			
		111			
		111			
		112			
		112			
		112			
		112			
		112			
		113			
		113			
		113			
		113			
		113			
		113			
		113			
		111			
		111			
		111			
		112			
		112			
		113			
		113			
		113			
		113			
		113			
		113			
		113			
		113			
		113			
		113			
		113			
		113			
		113			
		113			
		113			
		113			
		113			
		114			
		115			
		115			
		115			
		115			
		115			
		113			
		114			
		114			
		114			
		113			
		113			
		113			
		114			
		114			
		114			
		114			
		114			
		114			
		114			
		114			
		114			
		114			
		114			
		114			
		114			
		114			
		113			
		114			
		114			
		114			
		115			
		115			
		115			
		115			
		116			
		117			
		117			
		116			
		116			
		116			
		116			
		116			
		116			
		116			
		115			
		115			
		115			
		116			
		115			
		115			
		115			
		114			
		114			
		113			
		111			
		111			
		110			
		110			
		111			
		111			
		111			
		111			
		111			
		111			
		111			
		111			
		111			
		111			
		111			
		113			
		112			
		112			
		112			
		112			
		112			
		112			
		113			
		113			
		113			
		114			
		113			
		114			
		115			
		115			
		115			
		115			
		115			
		115			
		115			
		115			
		115			
		115			
		116			
		116			
		116			
		115			
		115			
		115			
		115			
		115			
		115			
		115			
		115			
		115			
		115			
		115			
		115			
		115			
		115			
		115			
		115			
		115			
		115			
		115			
		115			
		115			
		115			
		115			
		115			
		115			
		115			
		115			
		115			
		115			
		115			
		115			
		115			
		115			
		115			
		115			
		115			
		115			
		115			
		115			
		115			
		115			
		115			
		115			
		115			
		115			
		115			
		115			
		115			
		115			
		115			
		115			
		115			
		116			
		116			
		116			
		117			
		117			
		117			
		117			
		117			
		117			
		117			
		116			
		118			
		117			
		117			
		117			
		116			
		117			
		117			
		117			
		117			
		116			
		118			
		118			
		118			
		118			
		118			
		118			
		118			
		117			
		117			
		117			
		117			
		117			
		118			
		118			
		119			
		121			
		121			
		121			
		121			
		121			
		121			
		120			
		120			
		120			
		120			
		121			
		120			
		120			
		120			
		120			
		120			
		120			
		120			
		120			
		120			
		120			
		120			
		120			
		120			
		120			
		120			
		120			
		120			
		121			
		120			
		120			
		120			
		120			
		120			
		121			
		120			
		120			
		120			
		120			
		120			
		120			
		120			
		120			
		120			
		120			
		121			
		121			
		121			
		121			
		121			
